{
    "scenebuilder": {
        "buildings": [],
        "vehicles": [
            {
                "ID": "V0",
                "position": [
                    -4.338709677419356,
                    0.02016129032258096,
                    0.5
                ],
                "goal": [
                    4.185483870967742,
                    0.03629032258064502,
                    0.5
                ]
            },
            {
                "ID": "V1",
                "position": [
                    0.008064516129032029,
                    3.987903225806452,
                    0.5
                ],
                "goal": [
                    -8.881784197001252e-16,
                    -3.971774193548387,
                    0.5
                ]
            }
        ]
    },
    "default": {
        "buildings": [
            {
                "ID": "Building 0",
                "vertices": [
                    [
                        0.0,
                        0.5,
                        1.2
                    ],
                    [
                        0.47552825814757677,
                        0.15450849718747373,
                        1.2
                    ],
                    [
                        0.2938926261462366,
                        -0.40450849718747367,
                        1.2
                    ],
                    [
                        -0.2938926261462365,
                        -0.4045084971874737,
                        1.2
                    ],
                    [
                        -0.4755282581475768,
                        0.15450849718747361,
                        1.2
                    ]
                ]
            }
        ],
        "vehicles": [
            {
                "ID": "V0",
                "position": [
                    -3.0,
                    0.0001,
                    0.5
                ],
                "goal": [
                    3.0,
                    0.0,
                    0.5
                ],
                "source_strength": 0.5,
                "imag_source_strength": 0.5,
                "sink_strength": 5
            }
        ]
    }
}